Workbook

Sheet 0_Synthese
A1: PILOTAGE DU CLOSING — SYNTHESE (exercice 2025)
A3: Indicateur clé | B3: Valeur
A4: Primes acquises (€) | B4: ='5_Compte_Technique'!E5
A5: Charge sinistres courant (€) | B5: ='5_Compte_Technique'!E6
A6: Boni-mali exercices antérieurs (€) | B6: ='5_Compte_Technique'!E7
A7: Résultat technique net (€) | B7: ='5_Compte_Technique'!E13
A8: Ratio S/P comptable | B8: ='5_Compte_Technique'!E16
A9: Ratio combiné | B9: ='5_Compte_Technique'!E18
A10: PSAP - sinistres à payer (€) | B10: =SUM('2_Provisionnement'!F4:F8)
A11: UPR - primes non acquises (€) | B11: ='3_LAT_IFRS4'!B6
A12: URR - risque en cours (€) | B12: ='3_LAT_IFRS4'!F6
A14: STATUT DES CONTRÔLES
A15: Nombre de contrôles | B15: =COUNTA('6_Controles'!A5:A20)
A16: Alertes | B16: =COUNTIF('6_Controles'!B5:B20,"ALERTE")

Sheet 1_Triangle
A1: TRIANGLE DES PAIEMENTS CUMULES (€)
A3: Année survenance | B3: Dev 0 | C3: Dev 1 | D3: Dev 2 | E3: Dev 3 | F3: Dev 4
A4: 2021 | B4: 1313362.3 | C4: 2116425.3 | D4: 2607474.3 | E4: 2940775.9 | F4: 3106128.5
A5: 2022 | B5: 1261644.2 | C5: 1909984.8 | D5: 2263032.2 | E5: 2490305.7
A6: 2023 | B6: 1788967.5 | C6: 3097630.8 | D6: 3942666.9
A7: 2024 | B7: 1640323.7 | C7: 2589146.9
A8: 2025 | B8: 1640334.5

Sheet 2_Provisionnement
A1: PROVISIONNEMENT — ULTIMATE PAR METHODE
A3: Année | B3: Ultimate vrai | C3: Chain-Ladder | D3: CL + queue | E3: BF | F3: IBNR (BF)
A4: 2021 | B4: 3361653.8 | C4: 3106128.5 | D4: 3232558.5 | E4: 3243580.5 | F4: 137452.04
A5: 2022 | B5: 2767419.7 | C5: 2630329.4 | D5: 2737392.8 | E5: 2827913.4 | F5: 337607.72
A6: 2023 | B6: 5378177.1 | C6: 4643653.1 | D6: 4832665.6 | E6: 4664055.9 | F6: 721389.01
A7: 2024 | B7: 3965069.3 | C7: 3772526.3 | D7: 3926081 | E7: 3994176.3 | F7: 1405029.4
A8: 2025 | B8: 3859891.1 | C8: 3866407.1 | D8: 4023783.1 | E8: 4210921.9 | F8: 2570587.4
A9: TOTAL | B9: =SUM(B4:B8) | C9: =SUM(C4:C8) | D9: =SUM(D4:D8) | E9: =SUM(E4:E8) | F9: =SUM(F4:F8)

Sheet 3_LAT_IFRS4
A1: LIABILITY ADEQUACY TEST (IFRS 4)
A3: Segment | B3: UPR brut | C3: DAC | D3: UPR net | E3: Best Estimate | F3: URR | G3: Test
A4: FLOTTE | B4: 1519278.9 | C4: 227891.84 | D4: =B4-C4 | E4: 868092.07 | F4: =MAX(E4-D4,0) | G4: =IF(F4>0,"DEFICIENCY","OK")
A5: PART | B5: 2083267.1 | C5: 312490.06 | D5: =B5-C5 | E5: 1863572.1 | F5: =MAX(E5-D5,0) | G5: =IF(F5>0,"DEFICIENCY","OK")
A6: TOTAL | B6: =SUM(B4:B5) | C6: =SUM(C4:C5) | D6: =SUM(D4:D5) | E6: =SUM(E4:E5) | F6: =SUM(F4:F5)

Sheet 4_Boni_Mali
A1: ANALYSE BONI-MALI (run-off 2024 -> 2025)
A3: Par année de survenance
A4: Année | B4: Ultimate 2024 | C4: Ultimate 2025 | D4: Boni-mali
A5: 2021 | B5: 2940775.9 | C5: 3106128.5 | D5: =B5-C5
A6: 2022 | B6: 2552305.4 | C6: 2630329.4 | D6: =B6-C6
A7: 2023 | B7: 4225982.2 | C7: 4643653.1 | D7: =B7-C7
A8: 2024 | B8: 3653186.4 | C8: 3772526.3 | D8: =B8-C8
A9: TOTAL | B9: =SUM(B5:B8) | C9: =SUM(C5:C8) | D9: =SUM(D5:D8)

Sheet 5_Compte_Technique
A1: COMPTE TECHNIQUE NON-VIE (exercice 2025)
A3: Poste | C3: FLOTTE | D3: PART | E3: TOTAL
A5: (+) Primes acquises | C5: 3031733 | D5: 4201124.4 | E5: =C5+D5
A6: (-) Charge sinistres courant | C6: 1301549 | D6: 2909372.9 | E6: =C6+D6
A7: (+/-) Boni-mali antérieurs | C7: -280939.91 | D7: -502763.08 | E7: =C7+D7
A8: (-) Frais d'acquisition | C8: 454759.95 | D8: 630168.66 | E8: =C8+D8
A9: (-) Frais de gestion | C9: 363807.96 | D9: 504134.93 | E9: =C9+D9
A10: (=) Résultat technique BRUT | C10: =C5-C6+C7-C8-C9 | D10: =D5-D6+D7-D8-D9 | E10: =E5-E6+E7-E8-E9
A11: (-) Prime réass. cédée | C11: 66818.99 | D11: 178370.83 | E11: =C11+D11
A12: (+) Récupérations réass. | C12: 58103.47 | D12: 155105.07 | E12: =C12+D12
A13: (=) Résultat technique NET | C13: =C10-C11+C12 | D13: =D10-D11+D12 | E13: =E10-E11+E12
A15: RATIOS DE PILOTAGE
A16: S/P comptable | C16: =(C6-C7)/C5 | D16: =(D6-D7)/D5 | E16: =(E6-E7)/E5
A17: Ratio de frais | C17: =(C8+C9)/C5 | D17: =(D8+D9)/D5 | E17: =(E8+E9)/E5
A18: RATIO COMBINE | C18: =C16+C17 | D18: =D16+D17 | E18: =E16+E17

Sheet 6_Controles
A1: JOURNAL DES CONTROLES DE COHERENCE
A4: Contrôle | B4: Statut | C4: Détail
A5: C1 - IBNR positif sur toutes les cohortes | B5: OK | C5: IBNR minimum = 137 452 EUR
A6: C2 - Reconciliation boni-mali (global vs segments) | B6: OK | C6: Global -780 387 vs segments -783 703 EUR -> ecart 0.42% (seuil 1%)
A7: C3 - Aucun mali significatif par cohorte | B7: ALERTE | C7: 2 cohorte(s) avec mali > 5% : [2021, 2023]
A8: C4 - Aucun segment en premium deficiency (LAT) | B8: ALERTE | C8: 1 segment(s) deficient(s) : [np.str_('PART')]
A9: C5 - Ratio combine global rentable | B9: OK | C9: Ratio combine = 96.1% (seuil 100%)
A10: C6 - Aucun segment en perte technique | B10: ALERTE | C10: 1 segment(s) en perte : [np.str_('PART')]
